192.168.145.77,sunwukong,https://icbc.com.cn/login.html,2020-02-12 12:23:47,
192.168.145.77,sunwukong,https://icbc.com.cn/transfer.html,2020-02-12 12:23:49,
192.168.145.77,sunwukong,https://icbc.com.cn/save.html,2020-02-12 12:23:52,
192.168.145.77,sunwukong,https://icbc.com.cn/buy.html,2020-02-12 12:23:58,
192.168.89.189,sunwukong,https://icbc.com.cn/pay.html,2020-02-12 12:24:05,
192.168.89.189,sunwukong,https://icbc.com.cn/login.html,2020-02-12 12:24:07,
192.168.89.190,sunwukong,https://icbc.com.cn/login.html,2020-02-12 14:24:07,FAILED
192.168.89.191,sunwukong,https://icbc.com.cn/login.html,2020-02-12 14:24:08,FAILED
192.168.52.100,zhubajie,https://icbc.com.cn/login.html,2020-02-12 12:23:45,
192.168.52.100,zhubajie,https://icbc.com.cn/transfer.html,2020-02-12 12:23:47,
192.168.52.100,zhubajie,https://icbc.com.cn/save.html,2020-02-12 12:23:53,
192.168.52.100,zhubajie,https://icbc.com.cn/buy.html,2020-02-12 12:23:59,
192.168.52.100,zhubajie,https://icbc.com.cn/buy.html,2020-02-12 14:23:59,FAILED
192.168.52.100,zhubajie,https://icbc.com.cn/buy.html,2020-02-12 14:25:59,FAILED
192.168.54.172,tangseng,https://icbc.com.cn/login.html,2020-02-12 12:23:46,
192.168.54.172,tangseng,https://icbc.com.cn/transfer.html,2020-02-12 12:23:48,
192.168.54.172,tangseng,https://icbc.com.cn/save.html,2020-02-12 12:23:54,